[
  {"name": "Adams Morgan", "alternate_names": ["AdMo"], "jurisdiction": "DC"},
  {"name": "Anacostia", "alternate_names": ["Historic Anacostia"], "jurisdiction": "DC"},
  {"name": "Barney Circle", "alternate_names": [], "jurisdiction": "DC"},
  {"name": "Benning", "alternate_names": ["Benning Heights", "Benning Ridge"], "jurisdiction": "DC"},
  {"name": "Bloomingdale", "alternate_names": [], "jurisdiction": "DC"},
  {"name": "Brentwood", "alternate_names": [], "jurisdiction": "DC"},
  {"name": "Brightwood", "alternate_names": [], "jurisdiction": "DC"},
  {"name": "Brightwood Park", "alternate_names": [], "jurisdiction": "DC"},
  {"name": "Brookland", "alternate_names": [], "jurisdiction": "DC"},
  {"name": "Capitol Hill", "alternate_names": ["The Hill"], "jurisdiction": "DC"},
  {"name": "Capitol Riverfront", "alternate_names": ["Navy Yard", "The Yards"], "jurisdiction": "DC"},
  {"name": "Cardozo", "alternate_names": [], "jurisdiction": "DC"},
  {"name": "Cathedral Heights", "alternate_names": [], "jurisdiction": "DC"},
  {"name": "Chevy Chase", "alternate_names": [], "jurisdiction": "DC"},
  {"name": "Chinatown", "alternate_names": [], "jurisdiction": "DC"},
  {"name": "Cleveland Park", "alternate_names": [], "jurisdiction": "DC"},
  {"name": "Columbia Heights", "alternate_names": ["CoHi"], "jurisdiction": "DC"},
  {"name": "Congress Heights", "alternate_names": [], "jurisdiction": "DC"},
  {"name": "Crestwood", "alternate_names": [], "jurisdiction": "DC"},
  {"name": "Deanwood", "alternate_names": [], "jurisdiction": "DC"},
  {"name": "Downtown", "alternate_names": ["Penn Quarter"], "jurisdiction": "DC"},
  {"name": "Dupont Circle", "alternate_names": ["Dupont"], "jurisdiction": "DC"},
  {"name": "Eckington", "alternate_names": [], "jurisdiction": "DC"},
  {"name": "Edgewood", "alternate_names": [], "jurisdiction": "DC"},
  {"name": "Fairfax Village", "alternate_names": [], "jurisdiction": "DC"},
  {"name": "Foggy Bottom", "alternate_names": [], "jurisdiction": "DC"},
  {"name": "Forest Hills", "alternate_names": [], "jurisdiction": "DC"},
  {"name": "Fort Dupont", "alternate_names": [], "jurisdiction": "DC"},
  {"name": "Fort Lincoln", "alternate_names": [], "jurisdiction": "DC"},
  {"name": "Fort Totten", "alternate_names": [], "jurisdiction": "DC"},
  {"name": "Foxhall", "alternate_names": [], "jurisdiction": "DC"},
  {"name": "Friendship Heights", "alternate_names": [], "jurisdiction": "DC"},
  {"name": "Georgetown", "alternate_names": [], "jurisdiction": "DC"},
  {"name": "Glover Park", "alternate_names": [], "jurisdiction": "DC"},
  {"name": "H Street Corridor", "alternate_names": ["H Street", "H Street NE", "Atlas District"], "jurisdiction": "DC"},
  {"name": "Hillcrest", "alternate_names": [], "jurisdiction": "DC"},
  {"name": "Howard University", "alternate_names": [], "jurisdiction": "DC"},
  {"name": "Ivy City", "alternate_names": [], "jurisdiction": "DC"},
  {"name": "Judiciary Square", "alternate_names": [], "jurisdiction": "DC"},
  {"name": "Kalorama", "alternate_names": ["Kalorama Triangle"], "jurisdiction": "DC"},
  {"name": "Kenilworth", "alternate_names": [], "jurisdiction": "DC"},
  {"name": "Kingman Park", "alternate_names": [], "jurisdiction": "DC"},
  {"name": "Lamond-Riggs", "alternate_names": ["Lamond Riggs"], "jurisdiction": "DC"},
  {"name": "LeDroit Park", "alternate_names": ["Le Droit Park"], "jurisdiction": "DC"},
  {"name": "Lincoln Park", "alternate_names": [], "jurisdiction": "DC"},
  {"name": "Logan Circle", "alternate_names": [], "jurisdiction": "DC"},
  {"name": "Manor Park", "alternate_names": [], "jurisdiction": "DC"},
  {"name": "Marshall Heights", "alternate_names": [], "jurisdiction": "DC"},
  {"name": "McLean Gardens", "alternate_names": [], "jurisdiction": "DC"},
  {"name": "Michigan Park", "alternate_names": [], "jurisdiction": "DC"},
  {"name": "Mount Pleasant", "alternate_names": ["Mt. Pleasant"], "jurisdiction": "DC"},
  {"name": "Mount Vernon Square", "alternate_names": ["Mt. Vernon Square"], "jurisdiction": "DC"},
  {"name": "National Mall", "alternate_names": ["The Mall"], "jurisdiction": "DC"},
  {"name": "NoMa", "alternate_names": ["North of Massachusetts Avenue"], "jurisdiction": "DC"},
  {"name": "Palisades", "alternate_names": [], "jurisdiction": "DC"},
  {"name": "Park View", "alternate_names": ["Parkview"], "jurisdiction": "DC"},
  {"name": "Penn Quarter", "alternate_names": [], "jurisdiction": "DC"},
  {"name": "Petworth", "alternate_names": [], "jurisdiction": "DC"},
  {"name": "Pleasant Plains", "alternate_names": [], "jurisdiction": "DC"},
  {"name": "Randle Highlands", "alternate_names": [], "jurisdiction": "DC"},
  {"name": "Riggs Park", "alternate_names": [], "jurisdiction": "DC"},
  {"name": "Shaw", "alternate_names": [], "jurisdiction": "DC"},
  {"name": "Shepherd Park", "alternate_names": [], "jurisdiction": "DC"},
  {"name": "Southwest Waterfront", "alternate_names": ["The Wharf", "SW Waterfront"], "jurisdiction": "DC"},
  {"name": "Spring Valley", "alternate_names": [], "jurisdiction": "DC"},
  {"name": "Stanton Park", "alternate_names": [], "jurisdiction": "DC"},
  {"name": "Takoma", "alternate_names": ["Takoma DC"], "jurisdiction": "DC"},
  {"name": "Tenleytown", "alternate_names": [], "jurisdiction": "DC"},
  {"name": "Trinidad", "alternate_names": [], "jurisdiction": "DC"},
  {"name": "Truxton Circle", "alternate_names": [], "jurisdiction": "DC"},
  {"name": "U Street", "alternate_names": ["U Street Corridor", "U St"], "jurisdiction": "DC"},
  {"name": "Union Station", "alternate_names": [], "jurisdiction": "DC"},
  {"name": "Van Ness", "alternate_names": ["Van Ness/UDC"], "jurisdiction": "DC"},
  {"name": "Wakefield", "alternate_names": [], "jurisdiction": "DC"},
  {"name": "Washington Highlands", "alternate_names": [], "jurisdiction": "DC"},
  {"name": "Waterfront", "alternate_names": [], "jurisdiction": "DC"},
  {"name": "Wesley Heights", "alternate_names": [], "jurisdiction": "DC"},
  {"name": "West End", "alternate_names": [], "jurisdiction": "DC"},
  {"name": "Woodley Park", "alternate_names": [], "jurisdiction": "DC"},
  {"name": "Woodridge", "alternate_names": [], "jurisdiction": "DC"},

  {"name": "Arlington", "alternate_names": [], "jurisdiction": "Arlington"},
  {"name": "Ballston", "alternate_names": ["Ballston-MU"], "jurisdiction": "Arlington"},
  {"name": "Clarendon", "alternate_names": [], "jurisdiction": "Arlington"},
  {"name": "Courthouse", "alternate_names": [], "jurisdiction": "Arlington"},
  {"name": "Crystal City", "alternate_names": [], "jurisdiction": "Arlington"},
  {"name": "National Landing", "alternate_names": [], "jurisdiction": "Arlington"},
  {"name": "Pentagon City", "alternate_names": [], "jurisdiction": "Arlington"},
  {"name": "Rosslyn", "alternate_names": [], "jurisdiction": "Arlington"},
  {"name": "Shirlington", "alternate_names": [], "jurisdiction": "Arlington"},
  {"name": "Virginia Square", "alternate_names": [], "jurisdiction": "Arlington"},

  {"name": "Old Town Alexandria", "alternate_names": ["Old Town"], "jurisdiction": "Alexandria"},
  {"name": "Del Ray", "alternate_names": [], "jurisdiction": "Alexandria"},
  {"name": "Potomac Yard", "alternate_names": [], "jurisdiction": "Alexandria"},
  {"name": "Carlyle", "alternate_names": [], "jurisdiction": "Alexandria"},
  {"name": "Eisenhower Valley", "alternate_names": [], "jurisdiction": "Alexandria"},

  {"name": "Bethesda", "alternate_names": [], "jurisdiction": "Montgomery"},
  {"name": "Chevy Chase", "alternate_names": [], "jurisdiction": "Montgomery"},
  {"name": "Silver Spring", "alternate_names": [], "jurisdiction": "Montgomery"},
  {"name": "Takoma Park", "alternate_names": [], "jurisdiction": "Montgomery"},
  {"name": "Wheaton", "alternate_names": [], "jurisdiction": "Montgomery"},
  {"name": "Rockville", "alternate_names": [], "jurisdiction": "Montgomery"},
  {"name": "Kensington", "alternate_names": [], "jurisdiction": "Montgomery"},
  {"name": "Garrett Park", "alternate_names": [], "jurisdiction": "Montgomery"},
  {"name": "Forest Glen", "alternate_names": [], "jurisdiction": "Montgomery"},
  {"name": "North Bethesda", "alternate_names": ["White Flint"], "jurisdiction": "Montgomery"},

  {"name": "College Park", "alternate_names": [], "jurisdiction": "Prince George's"},
  {"name": "Greenbelt", "alternate_names": [], "jurisdiction": "Prince George's"},
  {"name": "Hyattsville", "alternate_names": [], "jurisdiction": "Prince George's"},
  {"name": "Riverdale Park", "alternate_names": [], "jurisdiction": "Prince George's"},
  {"name": "Brentwood", "alternate_names": [], "jurisdiction": "Prince George's"},
  {"name": "Mount Rainier", "alternate_names": [], "jurisdiction": "Prince George's"},
  {"name": "Bladensburg", "alternate_names": [], "jurisdiction": "Prince George's"},
  {"name": "Langley Park", "alternate_names": [], "jurisdiction": "Prince George's"},
  {"name": "University Park", "alternate_names": [], "jurisdiction": "Prince George's"},
  {"name": "Adelphi", "alternate_names": [], "jurisdiction": "Prince George's"}
]
